Category,Sub Category,Title,Description,Quantity,Type,Price,Shipping Profile,Condition,Selling Price,SKU,Image 1,Image 2
Trading Card Games,Pokémon Cards,Rocket Charmander 50/82,,1,Buy it Now,2,0-1 oz,Near Mint,9.59,,,
Trading Card Games,Pokémon Cards,Wartortle 42/102,,1,Buy it Now,2,0-1 oz,Near Mint,,,,
Trading Card Games,Pokémon Cards,Rocket Drowzee,,1,Buy it Now,1,0-1 oz,Near Mint,,,,
Trading Card Games,Pokémon Cards,Charmander 46/102 ,,3,Buy it Now,2,0-1 oz,Near Mint,,,,
Trading Card Games,Pokémon Cards,Charmeleon 24/102,,2,Buy it Now,2,0-1 oz,Near Mint,,,,
Trading Card Games,Pokémon Cards,Squirtle 63/102,,1,Buy it Now,2,0-1 oz,Near Mint,,,,
Trading Card Games,Pokémon Cards,Bulbasaur44/102,,3,Buy it Now,2,0-1 oz,Near Mint,,,,
Trading Card Games,Pokémon Cards,Ivysaur 30/102,,1,Buy it Now,3,0-1 oz,Near Mint,,,,
Trading Card Games,Pokémon Cards,Dark Wartortle 46/82,,1,Buy it Now,3,0-1 oz,Near Mint,,,,
Trading Card Games,Pokémon Cards,Dark Dratini 53/82,,1,Buy it Now,2,0-1 oz,Near Mint,,,,
Trading Card Games,Pokémon Cards,Dark Dragonair 33/82,,1,Buy it Now,3,0-1 oz,Near Mint,,,,
Trading Card Games,Pokémon Cards, Jynx 31/102,,2,Buy it Now,1,0-1 oz,Near Mint,,,,
Trading Card Games,Pokémon Cards,Base Rattata 61/102,,1,Buy it Now,1,0-1 oz,Near Mint,,,,
Trading Card Games,Pokémon Cards,Base Raticate 40/102,,2,Buy it Now,1,0-1 oz,Near Mint,,,,
Trading Card Games,Pokémon Cards,Rocket Slowpoke 67/82,,1,Buy it Now,1,0-1 oz,Near Mint,,,,
Trading Card Games,Pokémon Cards,Rocket Diglett 52/82,,1,Buy it Now,1,0-1 oz,Near Mint,,,,
Trading Card Games,Pokémon Cards,Jynx Neo 31/64,,1,Buy it Now,2,0-1 oz,Near Mint,,,,
Trading Card Games,Pokémon Cards,Rocket Koffing 58/82,,1,Buy it Now,1,0-1 oz,Near Mint,,,,
Trading Card Games,Pokémon Cards,Rocket Ekans 56/82,,1,Buy it Now,1,0-1 oz,Near Mint,,,,
Trading Card Games,Pokémon Cards,Jungle Butterfree 33/64,,2,Buy it Now,2,0-1 oz,Near Mint,,,,
Trading Card Games,Pokémon Cards,Jungle Clefable Rare 17/64,,1,Buy it Now,3,0-1 oz,Near Mint,,,,
Trading Card Games,Pokémon Cards,Base Kadabra 32/102,,2,Buy it Now,2,0-1 oz,Near Mint,,,,
Trading Card Games,Pokémon Cards,Base Magnemite 53/102,,1,Buy it Now,1,0-1 oz,Near Mint,,,,
Trading Card Games,Pokémon Cards,Base Vulpix 68/102,,1,Buy it Now,1,0-1 oz,Near Mint,,,,
Trading Card Games,Pokémon Cards,Base Arcanine 23/102,,2,Buy it Now,2,0-1 oz,Near Mint,,,,
Trading Card Games,Pokémon Cards,Base Growlithe 28/102,,1,Buy it Now,1,0-1 oz,Near Mint,,,,
Trading Card Games,Pokémon Cards,Base Diglet 47/102,,1,Buy it Now,1,0-1 oz,Near Mint,,,,
Trading Card Games,Pokémon Cards,Base Dugtro Rare 19/102,,2,Buy it Now,2,0-1 oz,Near Mint,,,,
Trading Card Games,Pokémon Cards,Base Gastly 50/102,,2,Buy it Now,1,0-1 oz,Near Mint,,,,
Trading Card Games,Pokémon Cards,Base Haunter 29/102,,2,Buy it Now,2,0-1 oz,Near Mint,,,,
Trading Card Games,Pokémon Cards,Base Dratini 26/102,,1,Buy it Now,1,0-1 oz,Near Mint,,,,
Trading Card Games,Pokémon Cards,Oddish Jungle 58/64,,3,Buy it Now,1,0-1 oz,Near Mint,,,,
Trading Card Games,Pokémon Cards,Gloom Jungle 37/64,,1,Buy it Now,1,0-1 oz,Near Mint,,,,
Trading Card Games,Pokémon Cards,Vileplume rare non holo 31/64,,1,Buy it Now,3,0-1 oz,Near Mint,,,,
Trading Card Games,Pokémon Cards,Base Abra 43/102,,1,Buy it Now,1,0-1 oz,Near Mint,,,,
Trading Card Games,Pokémon Cards,Base Kadabra 32/102,,1,Buy it Now,2,0-1 oz,Near Mint,,,,
Trading Card Games,Pokémon Cards,Rocket Porygon 48/82,,1,Buy it Now,2,0-1 oz,Near Mint,,,,
Trading Card Games,Pokémon Cards,Rocket Magicarp 47/82,,1,Buy it Now,1,0-1 oz,Near Mint,,,,
Trading Card Games,Pokémon Cards,Base Machop 52/102,,1,Buy it Now,1,0-1 oz,Near Mint,,,,
Trading Card Games,Pokémon Cards,Base Magicarp 35/102,,1,Buy it Now,1,0-1 oz,Near Mint,,,,
Trading Card Games,Pokémon Cards,Jungle Pikachu 60/64,,1,Buy it Now,2,0-1 oz,Near Mint,,,,
Trading Card Games,Pokémon Cards,Politoed Rare Neo Discovery Played Condition,,1,Buy it Now,2,0-1 oz,Near Mint,,,,
Trading Card Games,Pokémon Cards,Dark Arbok Rare 19/82,,1,Buy it Now,2,0-1 oz,Heavily Played,,,,
Trading Card Games,Pokémon Cards,Dark Golbat Rare 24/82,,1,Buy it Now,2,0-1 oz,Light Played,,,,
Trading Card Games,Pokémon Cards,Giovannis Meowth 74/132,,1,Buy it Now,1,0-1 oz,Near Mint,,,,
Trading Card Games,Pokémon Cards,Lt Surge's Rattata 85/132,,1,Buy it Now,1,0-1 oz,Near Mint,,,,
Trading Card Games,Pokémon Cards,Giovannis Nidoran 76/132,,1,Buy it Now,1,0-1 oz,Near Mint,,,,
Trading Card Games,Pokémon Cards,Giovannis Nidorino 45/132,,1,Buy it Now,1,0-1 oz,Near Mint,,,,
Trading Card Games,Pokémon Cards,Dark Rattata 1st edition 66/82,,1,Buy it Now,1,0-1 oz,Near Mint,,,,
Trading Card Games,Pokémon Cards,Dark Raticate 51/82 ,,1,Buy it Now,1,0-1 oz,Near Mint,,,,
Trading Card Games,Pokémon Cards,Paras 59/64 jungle,,2,Buy it Now,1,0-1 oz,Near Mint,,,,
Trading Card Games,Pokémon Cards,Parasect Jungle 41/64,,1,Buy it Now,2,0-1 oz,Near Mint,,,,
Trading Card Games,Pokémon Cards,Dark Omanyte 37/105,,1,Buy it Now,2,0-1 oz,Near Mint,,,,
Trading Card Games,Pokémon Cards,Mantine Neo 64/111,,1,Buy it Now,1,0-1 oz,Near Mint,,,,
Trading Card Games,Pokémon Cards,Seel Neo 81/105,,1,Buy it Now,1,0-1 oz,Near Mint,,,,
Trading Card Games,Pokémon Cards,Corsola Neo 37/75,,1,Buy it Now,1,0-1 oz,Near Mint,,,,
Trading Card Games,Pokémon Cards,Base Set Staryu 65/102,,1,Buy it Now,1,0-1 oz,Near Mint,,,,
Trading Card Games,Pokémon Cards,Base Set Starmie 64/102,,1,Buy it Now,2,0-1 oz,Near Mint,,,,
Trading Card Games,Pokémon Cards,Slumga Neo 53/64,,1,Buy it Now,1,0-1 oz,Near Mint,,,,
Trading Card Games,Pokémon Cards,Dewgong base,,1,Buy it Now,1,0-1 oz,Near Mint,,,,
Trading Card Games,Pokémon Cards,Unknown Neo 50/75,,1,Buy it Now,2,0-1 oz,Near Mint,,,,
Trading Card Games,Pokémon Cards,Tangela base set 66/102,,2,Buy it Now,1,0-1 oz,Near Mint,,,,
Trading Card Games,Pokémon Cards,Koffing base 51/102,,2,Buy it Now,1,0-1 oz,Near Mint,,,,
Trading Card Games,Pokémon Cards,farfetch'd base 27/102,,2,Buy it Now,1,0-1 oz,Near Mint,,,,
Trading Card Games,Pokémon Cards,Poliwag base set 59/102,,3,Buy it Now,1,0-1 oz,Near Mint,,,,
Trading Card Games,Pokémon Cards,Poliwhirl base set 38/102,,1,Buy it Now,1,0-1 oz,Near Mint,,,,
Trading Card Games,Pokémon Cards,Gastly Fossil 33/62 ,,1,Buy it Now,1,0-1 oz,Near Mint,,,,
Trading Card Games,Pokémon Cards,Kabuto Fossil 50/62 ,,3,Buy it Now,1,0-1 oz,Near Mint,,,,
Trading Card Games,Pokémon Cards,Sandslash fossil 41/62 ,,2,Buy it Now,1,0-1 oz,Near Mint,,,,
Trading Card Games,Pokémon Cards,Shelder fossil 54/62 ,,1,Buy it Now,1,0-1 oz,Near Mint,,,,
Trading Card Games,Pokémon Cards,Psyduck fossil 53/62 ,,2,Buy it Now,2,0-1 oz,Near Mint,,,,
Trading Card Games,Pokémon Cards,Golduck Fossil 35/62 ,,2,Buy it Now,2,0-1 oz,Near Mint,,,,
Trading Card Games,Pokémon Cards,Seadra Fossil 42/62 ,,1,Buy it Now,2,0-1 oz,Near Mint,,,,
Trading Card Games,Pokémon Cards,Golbat Fossil 34/62 ,,2,Buy it Now,2,0-1 oz,Near Mint,,,,
Trading Card Games,Pokémon Cards,zubat  fossil 57/62 ,,1,Buy it Now,1,0-1 oz,Near Mint,,,,
Trading Card Games,Pokémon Cards,omanyte  fossil 52/62 ,,1,Buy it Now,1,0-1 oz,Near Mint,,,,
Trading Card Games,Pokémon Cards,Omastar Fossil 40/62 ,,3,Buy it Now,2,0-1 oz,Near Mint,,,,
Trading Card Games,Pokémon Cards,tauros fossil 47/64,,2,Buy it Now,1,0-1 oz,Near Mint,,,,
Trading Card Games,Pokémon Cards,Arbok fossil 31/62,,3,Buy it Now,1,0-1 oz,Near Mint,,,,
Trading Card Games,Pokémon Cards,Ekans Fossil 46/62 ,,1,Buy it Now,1,0-1 oz,Near Mint,,,,
Trading Card Games,Pokémon Cards,Slowbro fossil 43/62 ,,1,Buy it Now,1,0-1 oz,Near Mint,,,,
Trading Card Games,Pokémon Cards,slowpoke fossil 55/62 ,,1,Buy it Now,2,0-1 oz,Near Mint,,,,
Trading Card Games,Pokémon Cards,Ponyta base 60/102,,1,Buy it Now,1,0-1 oz,Near Mint,,,,
Trading Card Games,Pokémon Cards,Rapidash jungle 44/64,,1,Buy it Now,2,0-1 oz,Near Mint,,,,
Trading Card Games,Pokémon Cards,Magmar fossil 39/62,,1,Buy it Now,2,0-1 oz,Near Mint,,,,
Trading Card Games,Pokémon Cards,Magmar base 36/102,,1,Buy it Now,2,0-1 oz,Near Mint,,,,
Trading Card Games,Pokémon Cards,Golem fossil 36/62 ,,1,Buy it Now,2,0-1 oz,Near Mint,,,,
Trading Card Games,Pokémon Cards,geodude 47/62 graveler 37/62 & golem 36/62  fossil,,1,Buy it Now,,0-1 oz,Near Mint,,,,
Trading Card Games,Pokémon Cards,Weezing fossil 45/62 ,,1,Buy it Now,1,0-1 oz,Near Mint,,,,
Trading Card Games,Pokémon Cards,krabby 1st edition fossil 51/62,,1,Buy it Now,2,0-1 oz,Near Mint,,,,
Trading Card Games,Pokémon Cards,kingler fossil 38/62 ,,1,Buy it Now,1,0-1 oz,Near Mint,,,,
Trading Card Games,Pokémon Cards,Tentacruel fossil 44/62 ,,1,Buy it Now,1,0-1 oz,Near Mint,,,,
Trading Card Games,Pokémon Cards,Tentacool Fossil 56/62 ,,1,Buy it Now,1,0-1 oz,Near Mint,,,,
Trading Card Games,Pokémon Cards,Rhydon jungle 45/64,,1,Buy it Now,2,0-1 oz,Near Mint,,,,
Trading Card Games,Pokémon Cards,Ryhorn Jungle 61/64,,2,Buy it Now,1,0-1 oz,Near Mint,,,,
Trading Card Games,Pokémon Cards,lickitung jungle 38/64,,1,Buy it Now,1,0-1 oz,Near Mint,,,,
Trading Card Games,Pokémon Cards,venonat jungle 63/64,,1,Buy it Now,1,0-1 oz,Near Mint,,,,
Trading Card Games,Pokémon Cards,Mankey jungle 55/64,,1,Buy it Now,1,0-1 oz,Near Mint,,,,
Trading Card Games,Pokémon Cards,Primeape jungle 43/64,,3,Buy it Now,1,0-1 oz,Near Mint,,,,
Trading Card Games,Pokémon Cards,Eevee Jungle 51/64,,4,Buy it Now,2,0-1 oz,Near Mint,,,,
Trading Card Games,Pokémon Cards,Dodrio jungle 34/64,,2,Buy it Now,2,0-1 oz,Near Mint,,,,
Trading Card Games,Pokémon Cards,bellsprout jungle 49/64,,1,Buy it Now,1,0-1 oz,Near Mint,,,,
Trading Card Games,Pokémon Cards,weepinbell jungle 48/64,,1,Buy it Now,1,0-1 oz,Near Mint,,,,
Trading Card Games,Pokémon Cards,Goldeen Jungle 53/64,,1,Buy it Now,1,0-1 oz,Near Mint,,,,
Trading Card Games,Pokémon Cards,Seaking jungle 46/64,,1,Buy it Now,2,0-1 oz,Near Mint,,,,
Trading Card Games,Pokémon Cards,jigglypuff jungle 54/64,,1,Buy it Now,2,0-1 oz,Near Mint,,,,
Trading Card Games,Pokémon Cards,Exeggutor jungle 35/64,,1,Buy it Now,2,0-1 oz,Near Mint,,,,
Trading Card Games,Pokémon Cards,Fearow Jungle 36/64,,1,Buy it Now,2,0-1 oz,Near Mint,,,,
Trading Card Games,Pokémon Cards,Cubone jungle 50/64,,2,Buy it Now,1,0-1 oz,Near Mint,,,,
Trading Card Games,Pokémon Cards,meowth  jungle 56/64,,2,Buy it Now,1,0-1 oz,Near Mint,,,,
Trading Card Games,Pokémon Cards,Persian Jungle 42/64,,1,Buy it Now,2,0-1 oz,Near Mint,,,,
Trading Card Games,Pokémon Cards,Spearow  jungle 62/64,,1,Buy it Now,1,0-1 oz,Near Mint,,,,
Trading Card Games,Pokémon Cards,Fearow Jungle 36/64,,1,Buy it Now,2,0-1 oz,Near Mint,,,,
Trading Card Games,Pokémon Cards,pidgey base 57/102,,1,Buy it Now,1,0-1 oz,Near Mint,,,,
Trading Card Games,Pokémon Cards,drowzee base 49/102,,1,Buy it Now,1,0-1 oz,Near Mint,,,,
Trading Card Games,Pokémon Cards,Voltorb 067/102 Base Set ,,1,Buy it Now,1,0-1 oz,Near Mint,,,,
Trading Card Games,Pokémon Cards,Onix 056/102 Base Set,,1,Buy it Now,1,0-1 oz,Near Mint,,,,
Trading Card Games,Pokémon Cards,Rocket Magnemite 60/82,,1,Buy it Now,1,0-1 oz,Near Mint,,,,
Trading Card Games,Pokémon Cards,Dark Voltorb - 69/82,,1,Buy it Now,1,0-1 oz,Near Mint,,,,
Trading Card Games,Pokémon Cards,Dark Electrode 34/82,,1,Buy it Now,2,0-1 oz,Near Mint,,,,
Trading Card Games,Pokémon Cards,Dark Wigglytuff 40/105 Neo Destiny ,,1,Buy it Now,4,0-1 oz,Near Mint,,,,
Trading Card Games,Pokémon Cards,Dark Exeggcutor Neo Destiny ,,1,Buy it Now,4,0-1 oz,Near Mint,,,,
Trading Card Games,Pokémon Cards,Chikorita 54/111 Neo Genesis,,1,Buy it Now,2,0-1 oz,Near Mint,,,,
Trading Card Games,Pokémon Cards,Kogas Ekans 77/132,,2,Buy it Now,1,0-1 oz,Near Mint,,,,
Trading Card Games,Pokémon Cards,Kogas Zubat 83/132,,1,Buy it Now,1,0-1 oz,Near Mint,,,,
Trading Card Games,Pokémon Cards,Kogas Tangela 81/132,,1,Buy it Now,1,0-1 oz,Near Mint,,,,
Trading Card Games,Pokémon Cards,Lt Surges Voltorb Gym Challenge 86/132,,1,Buy it Now,1,0-1 oz,Near Mint,,,,
Trading Card Games,Pokémon Cards,Lt Surges Voltorb Gym Challenge 86/132,,1,Buy it Now,1,0-1 oz,Near Mint,,,,
Trading Card Games,Pokémon Cards,Lt Surges Voltorb Gym Challenge 84/132,,1,Buy it Now,1,0-1 oz,Near Mint,,,,
Trading Card Games,Pokémon Cards,Lt Surges Spearow Gym Challenge 83/132 ,,1,Buy it Now,1,0-1 oz,Near Mint,,,,
Trading Card Games,Pokémon Cards,Giovannis Magicarp Gym Challenge 88/132,,1,Buy it Now,2,0-1 oz,Near Mint,,,,
Trading Card Games,Pokémon Cards,Sabrinas Haunter Gym Challenge 55/132,,1,Buy it Now,4,0-1 oz,Near Mint,,,,
Trading Card Games,Pokémon Cards,Sabrinas Venomoth rare Gym Challenge 34/132,,1,Buy it Now,5,0-1 oz,Near Mint,,,,
Trading Card Games,Pokémon Cards,Misty's Dewgong 54/132 Gym Challenge,,1,Buy it Now,4,0-1 oz,Near Mint,,,,
Trading Card Games,Pokémon Cards,Brocks geodude 66/132 Gym Heroes,,1,Buy it Now,1,0-1 oz,Near Mint,,,,
Trading Card Games,Pokémon Cards,Brocks Graveler 34/132 Gym Heroes,,1,Buy it Now,2,0-1 oz,Near Mint,,,,
Trading Card Games,Pokémon Cards,Brocks Sandslash 36/132 Gym Heroes,,1,Buy it Now,2,0-1 oz,Near Mint,,,,
Trading Card Games,Pokémon Cards,Brocks Onix 69/132 Gym Heroes,,1,Buy it Now,2,0-1 oz,Near Mint,,,,
Trading Card Games,Pokémon Cards,Brock's Mankey - 67/132 Gym Heroes,,1,Buy it Now,1,0-1 oz,Near Mint,,,,
Trading Card Games,Pokémon Cards,Brock's Primeape 35/132 Gym Challenge ,,1,Buy it Now,3,0-1 oz,Near Mint,,,,
Trading Card Games,Pokémon Cards,Totodile 85/105 Neo Destiny,,1,Buy it Now,2,0-1 oz,Near Mint,,,,
Trading Card Games,Pokémon Cards,Croconaw 31/111 Neo Genesis,,1,Buy it Now,3,0-1 oz,Near Mint,,,,
Trading Card Games,Pokémon Cards,Xatu 52/75 Neo Discovery,,1,Buy it Now,3,0-1 oz,Near Mint,,,,
Trading Card Games,Pokémon Cards,Natu 59/75 Neo Discovery ,,1,Buy it Now,1,0-1 oz,Near Mint,,,,
Trading Card Games,Pokémon Cards,Natu 67/11 Neo Genesis,,1,Buy it Now,1,0-1 oz,Near Mint,,,,
Trading Card Games,Pokémon Cards,Pikachu 70/11 Neo Genesis NM,,1,Buy it Now,3,0-1 oz,Near Mint,,,,
Trading Card Games,Pokémon Cards,Brock’s Onix Rare 21/132 - Gym Heroes - NM,,1,Buy it Now,5,0-1 oz,Near Mint,,,,
Trading Card Games,Pokémon Cards,Nidoking Base Set  11/102 Holo Rare MP,,1,Buy it Now,16,0-1 oz,Near Mint,,,,
Trading Card Games,Pokémon Cards,Magneton Holo Rare 9/102 Base Set NM,,1,Buy it Now,18,0-1 oz,Near Mint,,,,
Trading Card Games,Pokémon Cards,Clefairy Base Set Holo Rare Card 5/102 NM,,1,Buy it Now,15,0-1 oz,Near Mint,,,,
Trading Card Games,Pokémon Cards,Ninetails Base Set Holo Rare Card 12/102 NM,,1,Buy it Now,25,0-1 oz,Near Mint,,,,
Trading Card Games,Pokémon Cards, Ampharos Rare Non-Holo Expedition 34/165 LP,,1,Buy it Now,10,0-1 oz,Near Mint,,,,
Trading Card Games,Pokémon Cards,Ampharos Rare Non Holo 1/147 Aquapolis,,1,Buy it Now,15,0-1 oz,Near Mint,,,,
Trading Card Games,Pokémon Cards,Mareep 65/111 Neo Genesis,,1,Buy it Now,2,0-1 oz,Near Mint,,,,
Trading Card Games,Pokémon Cards,Mareep 58/75 Neo Discovery,,1,Buy it Now,1,0-1 oz,Near Mint,,,,
Trading Card Games,Pokémon Cards,Flaffy Neo Genesis 43/111,,1,Buy it Now,5,0-1 oz,Near Mint,,,,
Trading Card Games,Pokémon Cards,Sabrina’s Alakazam Holo Rare NM 16/132 - Gym Challenge ,,1,Buy it Now,75,0-1 oz,Near Mint,,,,
Trading Card Games,Pokémon Cards,Sabrina's Kadabra 58/132 Gym Challenge,,1,Buy it Now,3,0-1 oz,Near Mint,,,,
Trading Card Games,Pokémon Cards,Sabrinas Abra 94/132 Gym Challenge,,1,Buy it Now,2,0-1 oz,Near Mint,,,,
Trading Card Games,Pokémon Cards,Misty's Magikarp 88/132 Gym Challenge,,1,Buy it Now,5,0-1 oz,Near Mint,,,,
Trading Card Games,Pokémon Cards,Erika's Jigglypuff 69/132 Gym Heroes,,1,Buy it Now,3,0-1 oz,Near Mint,,,,
Trading Card Games,Pokémon Cards,Erika's Clefairy 25/132 - Gym Heroes,,1,Buy it Now,5,0-1 oz,Near Mint,,,,
Trading Card Games,Pokémon Cards,Erika's Bulbasaur 39/132 Gym Challenge 1st Edition,,1,Buy it Now,15,0-1 oz,Near Mint,,,,
Trading Card Games,Pokémon Cards,Erikas Bellsprout 76/132,,1,Buy it Now,1,0-1 oz,Near Mint,,,,
Trading Card Games,Pokémon Cards,Erika's Weepinbell - 48/132,,1,Buy it Now,1,0-1 oz,Near Mint,,,,
Trading Card Games,Pokémon Cards,Erika's Dratini 42/132 Gym Heroes,,1,Buy it Now,3,0-1 oz,Near Mint,,,,
Trading Card Games,Pokémon Cards,Erika's Oddish Gym Challenge 1st Edition 70/132,,1,Buy it Now,1,0-1 oz,Near Mint,,,,
Trading Card Games,Pokémon Cards,Erika's Oddish Gym Challenge 78/132,,1,Buy it Now,1,0-1 oz,Near Mint,,,,
Trading Card Games,Pokémon Cards,Erikas Gloom 45/132 Gym Heroes,,1,Buy it Now,2,0-1 oz,Near Mint,,,,
Trading Card Games,Pokémon Cards,Erikas Gloom 46/132 Gym Heroes,,1,Buy it Now,3,0-1 oz,Near Mint,,,,
Trading Card Games,Pokémon Cards,Erikas Paras 71/132 Gym Heroes,,1,Buy it Now,1,0-1 oz,Near Mint,,,,
Trading Card Games,Pokémon Cards,Erikas Tangela 79/132 Gym Heroes,,1,Buy it Now,2,0-1 oz,Near Mint,,,,
Trading Card Games,Pokémon Cards,Erika's Clefable 3/132 Gym Heroes Holo Rare NM,,1,Buy it Now,25,0-1 oz,Near Mint,,,,
Trading Card Games,Pokémon Cards, Erika's Dragonair Gym Heroes 4/132 Holo LP,,1,Buy it Now,25,0-1 oz,Near Mint,,,,
Trading Card Games,Pokémon Cards,Nidoking 24/147 Non-Holo Rare Aquapolis  LP,,1,Buy it Now,7,0-1 oz,Light Played,,,,
Trading Card Games,Pokémon Cards,Porygon Aquapolis 103a/147 NM,,1,Buy it Now,3,0-1 oz,Near Mint,,,,
Trading Card Games,Pokémon Cards,Furret Aquapolis e-Series LP 48/147,,1,Buy it Now,20,0-1 oz,Near Mint,,,,
Trading Card Games,Pokémon Cards,Tentacool e-Series 113/147 Aquapolis NM,,1,Buy it Now,3,0-1 oz,Near Mint,,,,
Trading Card Games,Pokémon Cards,Totodile e-Series 134/165  Expedition Mint,,1,Buy it Now,15,0-1 oz,Near Mint,,,,
Trading Card Games,Pokémon Cards,Charmander e-Series 97/165 Expedition LP,,1,Buy it Now,6,0-1 oz,Near Mint,,,,
Trading Card Games,Pokémon Cards,Psyduck 2004 EX Team Magma Vs Aqua 44/95 Reverse Holo ,,1,Buy it Now,25,0-1 oz,Near Mint,,,,
Trading Card Games,Pokémon Cards,Poliwag e-Series Reverse Holo 125/165 Expedition,,1,Buy it Now,10,0-1 oz,Near Mint,,,,
Trading Card Games,Pokémon Cards,Togetic e-Series reverse Holo 39/147 Aquapolis NM,,1,Buy it Now,60,0-1 oz,Near Mint,,,,
Trading Card Games,Pokémon Cards,Chansey e-Series 69/147 Aquapolis LP,,1,Buy it Now,4,0-1 oz,Near Mint,,,,
Trading Card Games,Pokémon Cards,Chansey e-Series 72/165 Expedition,,1,Buy it Now,3,0-1 oz,Near Mint,,,,
Trading Card Games,Pokémon Cards,Clefairy E reader 101/165 Expedition,,1,Buy it Now,4,0-1 oz,Near Mint,,,,
Trading Card Games,Pokémon Cards,Clefable e-Series 41/165 Expedition Rare,,1,Buy it Now,5,0-1 oz,Near Mint,,,,
Trading Card Games,Pokémon Cards,Abra e-Series 93/165 Expedition ,,1,Buy it Now,3,0-1 oz,Near Mint,,,,
Trading Card Games,Pokémon Cards,Kadabra e-Series 84/165 Expedition ,,1,Buy it Now,6,0-1 oz,Near Mint,,,,
Trading Card Games,Pokémon Cards,Lapras e-Series 71/144 Skyridge,,1,Buy it Now,15,0-1 oz,Near Mint,,,,
Trading Card Games,Pokémon Cards,Horsea e-Series 84/187 Mint,,1,Buy it Now,2,0-1 oz,Near Mint,,,,
Trading Card Games,Pokémon Cards,Horsea e-Series Reverse Holo 85/147 Aquapolis,,1,Buy it Now,15,0-1 oz,Near Mint,,,,
Trading Card Games,Pokémon Cards,Seadra e-Series 58/147 Aquapolis,,1,Buy it Now,4,0-1 oz,Near Mint,,,,
Trading Card Games,Pokémon Cards,Kingdra e-Series Rare 19/147 Aquapolis,,1,Buy it Now,8,0-1 oz,Near Mint,,,,
Trading Card Games,Pokémon Cards,Brocks Zubat 74/132 Gym Heroes,,1,Buy it Now,2,0-1 oz,Near Mint,,,,
Trading Card Games,Pokémon Cards,Brock's Golbat Gym Heroes 39/132,,1,Buy it Now,3,0-1 oz,Near Mint,,,,
Trading Card Games,Pokémon Cards,Koga's Koffing 79/132 Gym Challenge ,,1,Buy it Now,2,0-1 oz,Near Mint,,,,
Trading Card Games,Pokémon Cards,Koga's Weezing 50/132 Gym Challenge,,1,Buy it Now,3,0-1 oz,Near Mint,,,,
Trading Card Games,Pokémon Cards,Erika’s Exeggcute 77/132 Gym Heroes ,,1,Buy it Now,1,0-1 oz,Near Mint,,,,
Trading Card Games,Pokémon Cards,Erikas Exeggutor - 44/132 Gym Heroes,,1,Buy it Now,3,0-1 oz,Near Mint,,,,
Trading Card Games,Pokémon Cards,Drowsee e-Series 74a/147,,1,Buy it Now,1,0-1 oz,Heavily Played,,,,
Trading Card Games,Pokémon Cards,Horsea 58/97 Common Dragon,,1,Buy it Now,2,0-1 oz,Near Mint,,,,
Trading Card Games,Pokémon Cards,Murkrow 47/100 EX Sandstorm LP,,1,Buy it Now,2,0-1 oz,Near Mint,,,,
Trading Card Games,Pokémon Cards,Quilava 51/100 LP E Reader Set: EX Sandstorm,,1,Buy it Now,3,0-1 oz,Near Mint,,,,
Trading Card Games,Pokémon Cards,Omastar 19/100 rare EX Sandstorm LP-NM ,,1,Buy it Now,4,0-1 oz,Near Mint,,,,
Trading Card Games,Pokémon Cards,Ace Spec Maximum Belt 117/131,,4,Buy it Now,2,0-1 oz,Near Mint,,,,
Trading Card Games,Pokémon Cards,Ace Spec Amulet of Hope 162/191 ,,5,Buy it Now,2,0-1 oz,Near Mint,,,,
Trading Card Games,Pokémon Cards,Ace Spec Survival Brace 164/167 ,,4,Buy it Now,2,0-1 oz,Near Mint,,,,
Trading Card Games,Pokémon Cards,Ace Spec Sparkling Crystal 129/131 ,,6,Buy it Now,2,0-1 oz,Near Mint,,,,
Trading Card Games,Pokémon Cards,Ace Spec Energy Search Pro 176/191 ,,6,Buy it Now,2,0-1 oz,Near Mint,,,,
Trading Card Games,Pokémon Cards,Ace Spec Brilliant Blender 164/191 ,,1,Buy it Now,2,0-1 oz,Near Mint,,,,
Trading Card Games,Pokémon Cards,Ace Spec Hyper Aroma 152/167 ,,2,Buy it Now,2,0-1 oz,Near Mint,,,,
Trading Card Games,Pokémon Cards,Ace Spec Reboot Pod 158/162 ,,5,Buy it Now,2,0-1 oz,Near Mint,,,,
Trading Card Games,Pokémon Cards,Ace Spec Treasure Tracker 131/131 ,,3,Buy it Now,1,0-1 oz,Near Mint,,,,
Trading Card Games,Pokémon Cards,Ace Spec Enriching Energy 191/191 ,,5,Buy it Now,2,0-1 oz,Near Mint,,,,
Trading Card Games,Pokémon Cards,Ace Spec Scramble Switch 186/191 ,,4,Buy it Now,1,0-1 oz,Near Mint,,,,
Trading Card Games,Pokémon Cards,Ace Spec Megaton Blower 182/191 ,,4,Buy it Now,1,0-1 oz,Near Mint,,,,
Trading Card Games,Pokémon Cards,Ace Spec Grand Tree 136/142 ,,4,Buy it Now,1,0-1 oz,Near Mint,,,,
Trading Card Games,Pokémon Cards,Ace Spec Max Rod 116/131 ,,3,Buy it Now,2,0-1 oz,Near Mint,,,,
Trading Card Games,Pokémon Cards,Ace Spec Neutralization Zone ,,3,Buy it Now,2,0-1 oz,Near Mint,,,,
Trading Card Games,Pokémon Cards,Ace Spec Miracle Headset 183/191 ,,5,Buy it Now,1,0-1 oz,Near Mint,,,,
Trading Card Games,Pokémon Cards,Ace Spec Prime Catcher 119/131 ,,4,Buy it Now,2,0-1 oz,Near Mint,,,,
Trading Card Games,Pokémon Cards,Ace Spec Scoop up Cyclone 162/167 ,,3,Buy it Now,1,0-1 oz,Near Mint,,,,
Trading Card Games,Pokémon Cards,Ace Spec Scoop up Cyclone 128/131 ,,1,Buy it Now,1,0-1 oz,Near Mint,,,,
Trading Card Games,Pokémon Cards,Ace Spec dangerous laser ,,1,Buy it Now,1,0-1 oz,Near Mint,,,,
Trading Card Games,Pokémon Cards,Ace Spec Poke Vital A 062/064 ,,3,Buy it Now,2,0-1 oz,Near Mint,,,,
Trading Card Games,Pokémon Cards,Drops in the Ocean 021/034 0.99,,6,Buy it Now,3,0-1 oz,Near Mint,,,,
Trading Card Games,Pokémon Cards,Scorching Charcoal 026/034,,6,Buy it Now,2,0-1 oz,Near Mint,,,,
Trading Card Games,Pokémon Cards,Sun Seed 027/034,,6,Buy it Now,2,0-1 oz,Near Mint,,,,
Trading Card Games,Pokémon Cards,Pokeball Trainer Jungle 64/64,,1,Buy it Now,1,0-1 oz,Near Mint,,,,
Trading Card Games,Pokémon Cards,Mysterious Fossil 62/62,,1,Buy it Now,1,0-1 oz,Near Mint,,,,
Trading Card Games,Pokémon Cards,Recycle Fossil 61/61,,1,Buy it Now,1,0-1 oz,Near Mint,,,,
Trading Card Games,Pokémon Cards,Nightly Garbage Rub 77/82,,1,Buy it Now,1,0-1 oz,Near Mint,,,,
Trading Card Games,Pokémon Cards,Imposter Oak's Revenge 76/82,,1,Buy it Now,1,0-1 oz,Near Mint,,,,
Trading Card Games,Pokémon Cards,Pikachu 173/165 Sv: Scarlet & Violet 151 ,,1,Auction,20,0-1 oz,Near Mint,,,,
Trading Card Games,Pokémon Cards,"Garchomp EX Black Star Promo XY09, Ultra Rare",,1,Auction,5,0-1 oz,Near Mint,,,,
Trading Card Games,Pokémon Cards,Flygon EX #XY61,,1,Auction,5,0-1 oz,Near Mint,,,,
Trading Card Games,Pokémon Cards,Pawmi 226/091 ,,5,Auction,1,0-1 oz,Near Mint,,,,
Trading Card Games,Pokémon Cards,Mienshao 200/182 Sv04: Paradox Rift Holo,,1,Auction,2,0-1 oz,Near Mint,,,,
Trading Card Games,Pokémon Cards, Paras GG32/GG70,,1,Auction,1,0-1 oz,Near Mint,,,,
Trading Card Games,Pokémon Cards,Loudred Sv4k Ancient Roar 078/066 AR,,1,Auction,1,0-1 oz,Near Mint,,,,
Trading Card Games,Pokémon Cards,Maractus Full Art 101/100 AR sv9 Battle Partners Ja,,1,Auction,1,0-1 oz,Near Mint,,,,
Trading Card Games,Pokémon Cards,Noibat 169/159 Sv09: Journey Together ,,1,Auction,2,0-1 oz,Near Mint,,,,
Trading Card Games,Pokémon Cards,Thievul GG17/GG70,,1,Auction,1,0-1 oz,Near Mint,,,,
,,,,,,,,,,,,
,,,,,,,,,,,,
Trading Card Games,Pokémon Cards,Rabsca Ex  025/182,2D,3,Auction,1,,,,,,
Trading Card Games,Pokémon Cards,cynthias garchomp ex 104/182,3D,5,,2,,,,,,
Trading Card Games,Pokémon Cards,Vespiquen ex 096/197,D,4,,,,,,,,
Trading Card Games,Pokémon Cards,Greninja ex 106/167,2D,4,,2,,,,,,
Trading Card Games,Pokémon Cards,Black Kyurem ex 048/191,2D,3,,1,,,,,,
Trading Card Games,Pokémon Cards,Alteria ex 140/182,,2,,,,,,,,
Trading Card Games,Pokémon Cards,Revavroom ex 015/064,,,,,,,,,,
Trading Card Games,Pokémon Cards,Lucaro vstar SWSH214,2D,4,Auction,2,,,,,,
Trading Card Games,Pokémon Cards,Regidrago v SWSH281,,,,,,,,,,
Trading Card Games,Pokémon Cards,Regieleki v swsh280,,,,,,,,,,
Trading Card Games,Pokémon Cards,Hoopa ex 098/182,,,,,,,,,,
Trading Card Games,Pokémon Cards,Regirock ex 101/182,,2,,,,,,,,
Trading Card Games,Pokémon Cards,Aboliva  ex 023/182,,,,,,,,,,
Trading Card Games,Pokémon Cards,Team Rockets Persian ex 150/182,,2,,,,,,,,
Trading Card Games,Pokémon Cards,Blissey ex 134/167,,,,,,,,,,
Trading Card Games,Pokémon Cards,Tapu Koko ex 068/182,,,,,,,,,,
Trading Card Games,Pokémon Cards,Tsareena ex 046/182,,3,,,,,,,,
Trading Card Games,Pokémon Cards,Iron valiant ex 089/182,,,,,,,,,,
Trading Card Games,Pokémon Cards,Squawkabilly ex 075/091,,2,,,,,,,,
Trading Card Games,Pokémon Cards,Victini ex 033/197,,,,,,,,,,
Trading Card Games,Pokémon Cards,Banette ex 088/198,,,,,,,,,,
Trading Card Games,Pokémon Cards,Maushold ex 155/182,,,,,,,,,,
Trading Card Games,Pokémon Cards,Skeledirge ex 137/182,,2,,,,,,,,
Trading Card Games,Pokémon Cards,Arvens Mabostiff ex 139/182,,2,,,,,,,,
Trading Card Games,Pokémon Cards,Roaring Moon ex 124/182,,,,,,,,,,
Trading Card Games,Pokémon Cards,Bombirdier ex 156/182,,,,,,,,,,
Trading Card Games,Pokémon Cards,Hops Zacian ex 139 black star promo,,3,Auction,1,,,,,,
Trading Card Games,Pokémon Cards,Iron Hands ex 070/182,,2,,,,,,,,
Trading Card Games,Pokémon Cards,Bellibolt ex 079/193,,,,,,,,,,
Trading Card Games,Pokémon Cards,Cetitan ex 065/182,,5,,1,,,,,,
Trading Card Games,Pokémon Cards,Shiny Quaxly Quaxwell Quaquaval ex 082 083 084 Black Star Promo Paldean Fates,Complete Set Shiny Promo,1,,8,0-1 oz,,,,,
Trading Card Games,Pokémon Cards,Marnies Grimmsnarl ex 136/182,,2,,,,,,,,
Trading Card Games,Pokémon Cards,Team Rockets Moltres ex 031/182,,2,,,,,,,,
Trading Card Games,Pokémon Cards,Palossand ex 091/191,,3,,,,,,,,
Trading Card Games,Pokémon Cards,Flamigo ex 160/191,,1,,,,,,,,
Trading Card Games,Pokémon Cards,Electivire ex 069/182,,2,,,,,,,,
Trading Card Games,Pokémon Cards,Stevens Metagross ex 145/182,,2,,,,,,,,
Trading Card Games,Pokémon Cards,Team Rockets Nidoking ex 119/182,,2,,,,,,,,
Trading Card Games,Pokémon Cards,Garchomp ex 038/182,,2,,,,,,,,
Trading Card Games,Pokémon Cards,Chi-yu ex 040/193,,1,,,,,,,,
Trading Card Games,Pokémon Cards,Iron Treads ex 143/198,,1,,,,,,,,
Trading Card Games,Pokémon Cards,Alakazam ex 065/165,,1,,,,,,,,
Trading Card Games,Pokémon Cards,Kangaskhan ex 115/165,,1,,,,,,,,
Trading Card Games,Pokémon Cards,Blastoise ex 009/165,,2,,,,,,,,
Trading Card Games,Pokémon Cards,Venusaur ex 003/165,,1,,,,,,,,
Trading Card Games,Pokémon Cards,Alakazam ex 050 black star promo,,2,,,,,,,,
Trading Card Games,Pokémon Cards,Mimikyu ex 069/159,,1,,,,,,,,
Trading Card Games,Pokémon Cards,N's Zoroark ex 098/159,,1,,,,,,,,
Trading Card Games,Pokémon Cards,Dunsparce ex 121/159,,1,,,,,,,,
Trading Card Games,Pokémon Cards,Volcanion ex 031/159,,2,,,,,,,,
Trading Card Games,Pokémon Cards,Alcremie ex 075/159,,2,,,,,,,,
Trading Card Games,Pokémon Cards,Alolan Exeggutor 133/191,,2,,,,,,,,
Trading Card Games,Pokémon Cards,Raging Bolt ex 123/162,,2,,,,,,,,
Trading Card Games,Pokémon Cards,Lillies clefairy ex 056/159,D,1,,,,,,,,
Trading Card Games,Pokémon Cards,Pigeot ex 164/197,,2,,,,,,,,
Trading Card Games,Pokémon Cards,Eiscue ex 042/197,,,,,,,,,,
Trading Card Games,Pokémon Cards,Dondozo ex 066/182,,,,,,,,,,
Trading Card Games,Pokémon Cards,Durant ex 004/191,,,,,,,,,,
Trading Card Games,Pokémon Cards,Gholdengo ex 139/182,1D,2,,,,,,,,
Trading Card Games,Pokémon Cards,Hearthflame Mask Ogerpon ex 017/131,,,,,,,,,,
Trading Card Games,Pokémon Cards,forretress ex 005/193,1D,2,Auction,1,,,,,,
Trading Card Games,Pokémon Cards,Froslass ex 003/182,,,,,,,,,,
Trading Card Games,Pokémon Cards,Glimmora ex 123/197,,,,,,,,,,
Trading Card Games,Pokémon Cards,Ninetails ex 038/165,,,,,,,,,,
Trading Card Games,Pokémon Cards,Magcargo ex 029/167,,,,,,,,,,
Trading Card Games,Pokémon Cards,Flygon ex 106/191,,3,,,,,,,,
Trading Card Games,Pokémon Cards,Houndstone ex 162 black star promo,,,,,,,,,,
Trading Card Games,Pokémon Cards,Paldean Clodsire ex 094/159,,,,,,,,,,
Trading Card Games,Pokémon Cards,Mamoswine ex 079/159,,2,,,,,,,,
Trading Card Games,Pokémon Cards,Hydreigon ex 119/191,,,,,,,,,,
Trading Card Games,Pokémon Cards,Palafin ex 126 blac star promo,,,,,,,,,,
Trading Card Games,Pokémon Cards,Houndoom ex 134/197 ,,,,,,,,,,
Trading Card Games,Pokémon Cards,Archaludon ex 130/191,,2,,,,,,,,
Trading Card Games,Pokémon Cards,Slaking ex 147/191,,,,,,,,,,
Trading Card Games,Pokémon Cards,Okidogi ex 036/064,,,,,,,,,,
Trading Card Games,Pokémon Cards,Walking Wake ex 050/162,,,,,,,,,,
Trading Card Games,Pokémon Cards,Farigiraf ex 108/162,,,,,,,,,,
Trading Card Games,Pokémon Cards,Roaring Moon ex 067 black star promo,,,,,,,,,,
Trading Card Games,Pokémon Cards,Ceruledge ex 036/191,,2,,,,,,,,
Trading Card Games,Pokémon Cards,Palafin ex 061/167,D,,,,,,,,,
Trading Card Games,Pokémon Cards,Dragapult ex 130/167,,,,,,,,,,
Trading Card Games,Pokémon Cards,Hearthflame Mask Ogerpon ex 040/167,,,,,,,,,,
Trading Card Games,Pokémon Cards,Bloodmoon Ursaluna ex 141/167,D,,,,,,,,,
Trading Card Games,Pokémon Cards,Scream Tail ex 094/167,,,,,,,,,,
Trading Card Games,Pokémon Cards,Tatsugiri ex 142/191,,2,Auction,,,,,,,
Trading Card Games,Pokémon Cards,Tyranitar ex 064/131,,,,,,,,,,
Trading Card Games,Pokémon Cards,Tyranitar ex 066/197,,,,,,,,,,
Trading Card Games,Pokémon Cards,Wigglytuff ex 040/161,,,,,,,,,,
Trading Card Games,Pokémon Cards,Reshiram ex 030/159,,2,,,,,,,,
Trading Card Games,Pokémon Cards,Ethans Ho-Oh ex 039/182,,,,,,,,,,
Trading Card Games,Pokémon Cards,Teams Rockets Crobat ex 122/182,,,,,,,,,,
Trading Card Games,Pokémon Cards,Salamence ex 114/159,,,,,,,,,,
Trading Card Games,Pokémon Cards,Copperajah ex 150/193,,,,,,,,,,
Trading Card Games,Pokémon Cards,Miraidon ex 079/197,,,,,,,,,,
Trading Card Games,Pokémon Cards,Wigglytuff ex 222/091,,,,,,,,,,
Trading Card Games,Pokémon Cards,Espathra ex 214/091,,,,,,,,,,
Trading Card Games,Pokémon Cards,Mamoswine ex 174/159,,,,,,,,,,
Trading Card Games,Pokémon Cards,Pikachu ex 028/131,,,,,,,,,,
Trading Card Games,Pokémon Cards,Wugtrio ex 060/162,,,,,,,,,,
Trading Card Games,Pokémon Cards,Iron Thorns ex 077/167,,,,,,,,,,
Trading Card Games,Pokémon Cards,Dragonite ex 159/197 ,,,,,,,,,,
Trading Card Games,Pokémon Cards,Wellspring Mask Ogerpon ex 027/131,,3,,,,,,,,
Trading Card Games,Pokémon Cards,Teal Mask Ogerpon ex 025/167,,2,,,,,,,,
Trading Card Games,Pokémon Cards,Terapagos ex 092/131,,,,,,,,,,
Trading Card Games,Pokémon Cards,Cyclizar ex 159/191,,,,,,,,,,
Trading Card Games,Pokémon Cards,Melmetal ex 153/197,,,,,,,,,,
Trading Card Games,Pokémon Cards,Revavroom ex 216/197,,,,,,,,,,
Trading Card Games,Pokémon Cards,Arbok ex 024/165,,,,,,,,,,
Trading Card Games,Pokémon Cards,Squawkabilly ex 169/193,,,,,,,,,,
Trading Card Games,Pokémon Cards,Garganacl ex 089/142,,,,,,,,,,
Trading Card Games,Pokémon Cards,Dialga ex 180 Black Star Promo,,1,Auction,2,,,,,,
Trading Card Games,Pokémon Cards,Cyclizar ex 018 Black Star Promo,,2,Auction,1,,,,,,
Trading Card Games,Pokémon Cards,Hydrapple ex 014/142 ,,1,Auction,1,,,,,,
Trading Card Games,Pokémon Cards,Decidueye ex 015/197,,1,Buy it Now,1,,,,,,
Trading Card Games,Pokémon Cards,Oinkologne ex 158/198,,1,Buy it Now,1,,,,,,
Trading Card Games,Pokémon Cards,Latias ex 076/191,,2,Auction,3,,,,,,
Trading Card Games,Pokémon Cards,Iron Leaves 128 Black Star Promo,,1,Buy it Now,2,,,,,,
Trading Card Games,Pokémon Cards,Slaking Ex 227/191 Full Art,,1,Buy it Now,2,,,,,,
Trading Card Games,Pokémon Cards,,,,Buy it Now,,,,,,,
Trading Card Games,Pokémon Cards,  ,,,,,,,,,,
Trading Card Games,Pokémon Cards,,,,,,,,,,,
Trading Card Games,Pokémon Cards,,,,,,,,,,,
Trading Card Games,Pokémon Cards,,,,,,,,,,,
Trading Card Games,Pokémon Cards,,,,,,,,,,,
Trading Card Games,Pokémon Cards,,,,,,,,,,,
Trading Card Games,Pokémon Cards,,,,,,,,,,,
Trading Card Games,Pokémon Cards,,,,,,,,,,,
Trading Card Games,Pokémon Cards,,,,,,,,,,,
Trading Card Games,Pokémon Cards,,,,,,,,,,,
Trading Card Games,Pokémon Cards,,,,,,,,,,,
Trading Card Games,Pokémon Cards,,,,,,,,,,,
Trading Card Games,Pokémon Cards,,,,,,,,,,,
Trading Card Games,Pokémon Cards,,,,,,,,,,,
Trading Card Games,Pokémon Cards,,,,,,,,,,,
Trading Card Games,Pokémon Cards,,,,,,,,,,,
Trading Card Games,Pokémon Cards,,,,,,,,,,,
Trading Card Games,Pokémon Cards,,,,,,,,,,,
Trading Card Games,Pokémon Cards,,,,,,,,,,,
Trading Card Games,Pokémon Cards,,,,,,,,,,,
Trading Card Games,Pokémon Cards,,,,,,,,,,,
Trading Card Games,Pokémon Cards,,,,,,,,,,,
Trading Card Games,Pokémon Cards,,,,,,,,,,,
Trading Card Games,Pokémon Cards,,,,,,,,,,,
Trading Card Games,Pokémon Cards,,,,,,,,,,,
Trading Card Games,Pokémon Cards,,,,,,,,,,,
Trading Card Games,Pokémon Cards,,,,,,,,,,,
Trading Card Games,Pokémon Cards,,,,,,,,,,,
Trading Card Games,Pokémon Cards,,,,,,,,,,,
Trading Card Games,Pokémon Cards,,,,,,,,,,,
Trading Card Games,Pokémon Cards,,,,,,,,,,,
Trading Card Games,Pokémon Cards,,,,,,,,,,,
Trading Card Games,Pokémon Cards,,,,,,,,,,,
Trading Card Games,Pokémon Cards,,,,,,,,,,,
Trading Card Games,Pokémon Cards,,,,,,,,,,,
Trading Card Games,Pokémon Cards,,,,,,,,,,,
Trading Card Games,Pokémon Cards,,,,,,,,,,,
Trading Card Games,Pokémon Cards,,,,,,,,,,,
Trading Card Games,Pokémon Cards,,,,,,,,,,,
Trading Card Games,Pokémon Cards,,,,,,,,,,,
Trading Card Games,Pokémon Cards,,,,,,,,,,,
Trading Card Games,Pokémon Cards,,,,,,,,,,,
Trading Card Games,Pokémon Cards,,,,,,,,,,,
Trading Card Games,Pokémon Cards,,,,,,,,,,,
Trading Card Games,Pokémon Cards,,,,,,,,,,,
Trading Card Games,Pokémon Cards,,,,,,,,,,,
Trading Card Games,Pokémon Cards,,,,,,,,,,,
Trading Card Games,Pokémon Cards,,,,,,,,,,,
Trading Card Games,Pokémon Cards,,,,,,,,,,,
Trading Card Games,Pokémon Cards,,,,,,,,,,,
Trading Card Games,Pokémon Cards,,,,,,,,,,,
Trading Card Games,Pokémon Cards,,,,,,,,,,,
Trading Card Games,Pokémon Cards,,,,,,,,,,,
Trading Card Games,Pokémon Cards,,,,,,,,,,,
Trading Card Games,Pokémon Cards,,,,,,,,,,,
Trading Card Games,Pokémon Cards,,,,,,,,,,,
Trading Card Games,Pokémon Cards,,,,,,,,,,,
Trading Card Games,Pokémon Cards,,,,,,,,,,,
Trading Card Games,Pokémon Cards,,,,,,,,,,,
Trading Card Games,Pokémon Cards,,,,,,,,,,,
Trading Card Games,Pokémon Cards,,,,,,,,,,,
Trading Card Games,Pokémon Cards,,,,,,,,,,,
Trading Card Games,Pokémon Cards,,,,,,,,,,,
Trading Card Games,Pokémon Cards,,,,,,,,,,,
Trading Card Games,Pokémon Cards,,,,,,,,,,,